Versao,Largura,Altura,TempoMedio,DesvioPadrao
GPU,512,512,0.012657,0.005915
GPU,1024,1024,0.024472,0.005809
GPU,4096,4096,0.162176,0.042572
